"film_category","filmlen_groups","rental_count","income_generated"
"other_category","Between 1-2 hours","4024","17600.77"
"other_category","Between 2-3 hours","4074","17285.30"
"family_category","Between 1-2 hours","2439","9660.60"
"family_category","Between 2-3 hours","2064","8492.34"
"other_category","1 hour or less","815","3356.82"
"family_category","1 hour or less","682","2713.20"
"other_category","More than 3 hours","308","1256.92"
"family_category","More than 3 hours","190","946.09"
